{
  "accuracy": 0.390625,
  "macro_f1": 0.3882850241545894,
  "macro_precision": 0.38924963924963923,
  "macro_recall": 0.38852339181286544,
  "mcc": 0.08516907591480659,
  "roc_auc_macro": 0.5750858189563055,
  "pr_auc_macro": 0.44161006634492245,
  "per_class": {
    "0": {
      "precision": 0.4772727272727273,
      "recall": 0.4375,
      "f1": 0.45652173913043476,
      "support": 48
    },
    "1": {
      "precision": 0.3333333333333333,
      "recall": 0.3333333333333333,
      "f1": 0.3333333333333333,
      "support": 42
    },
    "2": {
      "precision": 0.35714285714285715,
      "recall": 0.39473684210526316,
      "f1": 0.375,
      "support": 38
    }
  },
  "confusion_matrix": {
    "matrix": [
      [
        21,
        14,
        13
      ],
      [
        14,
        14,
        14
      ],
      [
        9,
        14,
        15
      ]
    ],
    "labels": [
      "0",
      "1",
      "2"
    ]
  },
  "calibration": {
    "brier": 0.22957166426893924,
    "reliability_centers": [
      0.05163743269337828,
      0.12034602329010355,
      0.19361335156169043,
      0.26112857949158,
      0.31304817349956005,
      0.36218107283734646,
      0.4155082856925816,
      0.4617654991083834,
      0.5263891591816761,
      0.7865365898677403
    ],
    "reliability_mean_pred": [
      0.06348854878580375,
      0.1174869474507792,
      0.197788608274347,
      0.26708447576301325,
      0.31409201028015715,
      0.36247125380547246,
      0.4095682912918948,
      0.4577592596896493,
      0.5229957249990875,
      0.6855062167292599
    ],
    "reliability_fraction_pos": [
      0.16666666666666666,
      0.23076923076923078,
      0.3076923076923077,
      0.5833333333333334,
      0.23076923076923078,
      0.3076923076923077,
      0.4166666666666667,
      0.38461538461538464,
      0.46153846153846156,
      0.6153846153846154
    ],
    "reliability_counts": [
      12,
      13,
      13,
      12,
      13,
      13,
      12,
      13,
      13,
      13
    ],
    "binning_method": "quantile"
  },
  "calibration_per_class": {
    "0": {
      "brier": 0.22957166426893924,
      "reliability_centers": [
        0.05163743269337828,
        0.12034602329010355,
        0.19361335156169043,
        0.26112857949158,
        0.31304817349956005,
        0.36218107283734646,
        0.4155082856925816,
        0.4617654991083834,
        0.5263891591816761,
        0.7865365898677403
      ],
      "reliability_mean_pred": [
        0.06348854878580375,
        0.1174869474507792,
        0.197788608274347,
        0.26708447576301325,
        0.31409201028015715,
        0.36247125380547246,
        0.4095682912918948,
        0.4577592596896493,
        0.5229957249990875,
        0.6855062167292599
      ],
      "reliability_fraction_pos": [
        0.16666666666666666,
        0.23076923076923078,
        0.3076923076923077,
        0.5833333333333334,
        0.23076923076923078,
        0.3076923076923077,
        0.4166666666666667,
        0.38461538461538464,
        0.46153846153846156,
        0.6153846153846154
      ],
      "reliability_counts": [
        12,
        13,
        13,
        12,
        13,
        13,
        12,
        13,
        13,
        13
      ],
      "binning_method": "quantile"
    },
    "1": {
      "brier": 0.24543627185118636,
      "reliability_centers": [
        0.05705080725830208,
        0.15209876564400251,
        0.21511092421235006,
        0.2569145266162922,
        0.300786870471644,
        0.3445507892621406,
        0.38143119379088614,
        0.4277217417461069,
        0.516555637547399,
        0.7874191158311463
      ],
      "reliability_mean_pred": [
        0.06002563099993913,
        0.15280773531163674,
        0.2132856352597562,
        0.24876650906503084,
        0.29848747756518546,
        0.3454215411725808,
        0.3808773884242152,
        0.41707676078091915,
        0.5174000416850266,
        0.6486959226354105
      ],
      "reliability_fraction_pos": [
        0.3333333333333333,
        0.5384615384615384,
        0.15384615384615385,
        0.4166666666666667,
        0.3076923076923077,
        0.07692307692307693,
        0.4166666666666667,
        0.46153846153846156,
        0.0,
        0.6153846153846154
      ],
      "reliability_counts": [
        12,
        13,
        13,
        12,
        13,
        13,
        12,
        13,
        13,
        13
      ],
      "binning_method": "quantile"
    },
    "2": {
      "brier": 0.2129918609112423,
      "reliability_centers": [
        0.04595112821013938,
        0.13024763136393402,
        0.2063847767227362,
        0.26875379763273854,
        0.31901095305734917,
        0.3563820298667546,
        0.3999482587041168,
        0.4448722034781559,
        0.48843928393827485,
        0.7566987105965324
      ],
      "reliability_mean_pred": [
        0.047399109694316426,
        0.12985923396130225,
        0.20486668875069303,
        0.270787046865832,
        0.31605222866289745,
        0.3535460326355565,
        0.39814595294054583,
        0.44306196397348657,
        0.4895277923403425,
        0.6748714035914267
      ],
      "reliability_fraction_pos": [
        0.16666666666666666,
        0.23076923076923078,
        0.15384615384615385,
        0.4166666666666667,
        0.38461538461538464,
        0.23076923076923078,
        0.08333333333333333,
        0.38461538461538464,
        0.46153846153846156,
        0.46153846153846156
      ],
      "reliability_counts": [
        12,
        13,
        13,
        12,
        13,
        13,
        12,
        13,
        13,
        13
      ],
      "binning_method": "quantile"
    }
  },
  "ece": 0.1450082115302934,
  "ece_per_class": {
    "0": 0.09823968533096031,
    "1": 0.17998087268004098,
    "2": 0.1206222755845649
  },
  "n_samples": 128,
  "generated_at": "2025-09-20T00:31:49.893048Z"
}