{
  "accuracy": 0.3125,
  "macro_f1": 0.304486512724499,
  "macro_precision": 0.30140350877192984,
  "macro_recall": 0.31140350877192985,
  "mcc": -0.031687580473418145,
  "roc_auc_macro": 0.47221499728002175,
  "pr_auc_macro": 0.3334622780073461,
  "per_class": {
    "0": {
      "precision": 0.3,
      "recall": 0.25,
      "f1": 0.2727272727272727,
      "support": 48
    },
    "1": {
      "precision": 0.42,
      "recall": 0.5,
      "f1": 0.45652173913043476,
      "support": 42
    },
    "2": {
      "precision": 0.18421052631578946,
      "recall": 0.18421052631578946,
      "f1": 0.18421052631578946,
      "support": 38
    }
  },
  "confusion_matrix": {
    "matrix": [
      [
        12,
        14,
        22
      ],
      [
        12,
        21,
        9
      ],
      [
        16,
        15,
        7
      ]
    ],
    "labels": [
      "0",
      "1",
      "2"
    ]
  },
  "calibration": {
    "brier": 0.27791752737393377,
    "reliability_centers": [
      0.04990335547135455,
      0.1314881279631615,
      0.1954544583939851,
      0.2604230373964792,
      0.3112322157717786,
      0.34506258388439115,
      0.37989344319550095,
      0.43926202685011895,
      0.5063398875604869,
      0.7664855755848736
    ],
    "reliability_mean_pred": [
      0.05994886859229157,
      0.1367720740223031,
      0.20439077399699812,
      0.2552312290887093,
      0.30876599135272637,
      0.346422858000315,
      0.38093357212467627,
      0.4398938354768024,
      0.5029842047143608,
      0.622615966209868
    ],
    "reliability_fraction_pos": [
      0.3333333333333333,
      0.46153846153846156,
      0.46153846153846156,
      0.5,
      0.3076923076923077,
      0.3076923076923077,
      0.5833333333333334,
      0.23076923076923078,
      0.46153846153846156,
      0.15384615384615385
    ],
    "reliability_counts": [
      12,
      13,
      13,
      12,
      13,
      13,
      12,
      13,
      13,
      13
    ],
    "binning_method": "quantile"
  },
  "calibration_per_class": {
    "0": {
      "brier": 0.27791752737393377,
      "reliability_centers": [
        0.04990335547135455,
        0.1314881279631615,
        0.1954544583939851,
        0.2604230373964792,
        0.3112322157717786,
        0.34506258388439115,
        0.37989344319550095,
        0.43926202685011895,
        0.5063398875604869,
        0.7664855755848736
      ],
      "reliability_mean_pred": [
        0.05994886859229157,
        0.1367720740223031,
        0.20439077399699812,
        0.2552312290887093,
        0.30876599135272637,
        0.346422858000315,
        0.38093357212467627,
        0.4398938354768024,
        0.5029842047143608,
        0.622615966209868
      ],
      "reliability_fraction_pos": [
        0.3333333333333333,
        0.46153846153846156,
        0.46153846153846156,
        0.5,
        0.3076923076923077,
        0.3076923076923077,
        0.5833333333333334,
        0.23076923076923078,
        0.46153846153846156,
        0.15384615384615385
      ],
      "reliability_counts": [
        12,
        13,
        13,
        12,
        13,
        13,
        12,
        13,
        13,
        13
      ],
      "binning_method": "quantile"
    },
    "1": {
      "brier": 0.2373942601017821,
      "reliability_centers": [
        0.05639178800381625,
        0.1369120255129343,
        0.20446373865144568,
        0.26280447538722,
        0.31323395423970235,
        0.36477425927676144,
        0.4138481703301793,
        0.4629774623201284,
        0.5433407911086862,
        0.7991398944121303
      ],
      "reliability_mean_pred": [
        0.06360513796280605,
        0.13790440182446628,
        0.2054935065492938,
        0.26031205678161085,
        0.3116436407461057,
        0.3642615858628157,
        0.4128705767608434,
        0.46799614917507565,
        0.5409978272402365,
        0.7164655971993562
      ],
      "reliability_fraction_pos": [
        0.3333333333333333,
        0.15384615384615385,
        0.3076923076923077,
        0.4166666666666667,
        0.15384615384615385,
        0.3076923076923077,
        0.4166666666666667,
        0.46153846153846156,
        0.46153846153846156,
        0.3076923076923077
      ],
      "reliability_counts": [
        12,
        13,
        13,
        12,
        13,
        13,
        12,
        13,
        13,
        13
      ],
      "binning_method": "quantile"
    },
    "2": {
      "brier": 0.26628707375672017,
      "reliability_centers": [
        0.04643703652220023,
        0.13169241627991982,
        0.20947207705475343,
        0.26411510323450316,
        0.30364782196118023,
        0.3325781435013131,
        0.3702671162335399,
        0.43617565942927505,
        0.49474783228578184,
        0.7572209330519803
      ],
      "reliability_mean_pred": [
        0.0506369717850686,
        0.14703093310197932,
        0.21082647176482983,
        0.2659798148047866,
        0.3062224809745455,
        0.332544463688158,
        0.3673993685784131,
        0.43972549887953527,
        0.4945154200631224,
        0.6534390050687312
      ],
      "reliability_fraction_pos": [
        0.25,
        0.46153846153846156,
        0.46153846153846156,
        0.3333333333333333,
        0.23076923076923078,
        0.38461538461538464,
        0.16666666666666666,
        0.3076923076923077,
        0.15384615384615385,
        0.15384615384615385
      ],
      "reliability_counts": [
        12,
        13,
        13,
        12,
        13,
        13,
        12,
        13,
        13,
        13
      ],
      "binning_method": "quantile"
    }
  },
  "ece": 0.22410906973591538,
  "ece_per_class": {
    "0": 0.20535744931404645,
    "1": 0.12529225461405247,
    "2": 0.21460549572807297
  },
  "n_samples": 128,
  "generated_at": "2025-09-20T00:50:25.423186Z"
}